country,country3,US,color,SPI,GDP_USD_2018,HDIrank,HDIindex,HDI_cat,happiness,genderequality_index,infantmort,birth_MF,sixty_MF,logGDP
Afghanistan,AFG,Non US,#545454,31.21,19469022208,168,0.4942397377480059,Low,4.220168590545654,NA,0.053200000000000004,62.7,16.3,23.692090434627726
Albania,ALB,Non US,#545454,70.85,11883682171,68,0.7817005590918955,High,4.511100769042969,0.703645707447106,0.0081,76.4,20.8,23.198432049911116
Algeria,DZA,Non US,#545454,65.64,159049e6,85,0.7524951334256267,High,5.340853691101074,0.641996088674862,0.021,76.4,21.9,25.792478167790772
American Samoa,ASM,Non US,#545454,NA,658e6,NA,NA,NA,NA,NA,NA,NA,NA,20.304715489289592
Andorra,AND,Non US,#545454,NA,2877311947,35,0.8558054251149887,Very High,NA,NA,0.0033,NA,NA,21.780122343514204
Angola,AGO,Non US,#545454,36.77,95337203468,147,0.5769332632357265,Medium,NA,0.643248859592326,0.055799999999999995,62.6,17.3,25.28068595409235
Antigua & Barbuda,ATG,Non US,#545454,NA,1460144704,70,0.7777269048757208,High,NA,NA,0.0056,75,19.7,21.101801380084122
Argentina,ARG,Non US,#545454,74.48,554861e6,47,0.8217587592988095,Very High,6.427221298217773,0.735213941472659,0.009699999999999999,76.9,21.8,27.041983468874445
Armenia,ARM,Non US,#545454,69.66,10546135160,83,0.7492645868098929,High,4.325471878051758,0.669264795633783,0.0119,74.8,19.6,23.079025294206204
Australia,AUS,Non US,#545454,87.66,120804e7,3,0.9378680440732646,Very High,7.250080108642578,0.721366191797363,0.0031,82.9,25.6,27.820020327475742
Austria,AUT,Non US,#545454,86.5,3908e8,20,0.9058221188119048,Very High,7.04807186126709,0.715833170064506,0.003,81.9,24.4,26.69146175711504
Azerbaijan,AZE,Non US,#545454,NA,37867518957,80,0.7569778767514419,High,5.303894996643066,0.683746916501685,0.0219,73.1,18.9,24.35735956197931
Bahamas,BHS,Non US,#545454,NA,118388e5,54,0.8063252384321128,Very High,NA,0.729054298846894,0.0060999999999999995,75.7,22.6,23.194648109914525
Bahrain,BHR,Non US,#545454,NA,32152686170,43,0.8458039876364273,Very High,6.169673442840576,0.614973758059083,0.0064,79.1,21.7,24.193761835306244
Bangladesh,BGD,Non US,#545454,50.58,221415e6,136,0.5970601916446718,Medium,4.556140899658203,0.698260026048992,0.028300000000000002,72.7,19.6,26.12330460560348
Barbados,BRB,Non US,#545454,75.45,452905e4,58,0.798810072922084,Very High,NA,0.738751343340003,0.0119,75.6,19.8,22.23377804142422
Belarus,BLR,Non US,#545454,71.02,47722657821,53,0.8049578008644142,Very High,5.177899360656738,0.73693207530788,0.0029,74.2,19.6,24.588672128790282
Belgium,BEL,Non US,#545454,86.73,467546e6,17,0.9145380307545622,Very High,6.948936462402344,0.745150454429596,0.0031,81.2,24.1,26.870763576556538
Belize,BLZ,Non US,#545454,NA,1820158550,106,0.708506635576006,High,NA,0.675864109620105,0.0128,70.5,17.1,21.322189449625405
Benin,BEN,Non US,#545454,48.01,8573159697,163,0.5120965226501945,Low,4.007357597351074,0.635570185757902,0.06509999999999999,61.1,17.2,22.871902194371085
Bhutan,BTN,Non US,#545454,64.29,2212638830,134,0.6085177661596782,Medium,NA,0.641708104826477,0.0265,70.6,20.7,21.517451680900383
Bolivia,BOL,Non US,#545454,63.49,33941126194,118,0.6888710189136826,Medium,5.769723415374756,0.745746811791012,0.029,71.5,21.4,24.247893278111235
Bosnia & Herzegovina,BIH,Non US,#545454,NA,16911088174,77,0.7658795769585522,High,5.180865287780762,0.685045903324522,0.0050999999999999995,77.3,20.7,23.551235348703084
Botswana,BWA,Non US,#545454,61.95,15648700274,101,0.712170623292188,High,3.498936653137207,0.714995453798085,0.032299999999999995,66.1,17.4,23.473653700899103
Brazil,BRA,Non US,#545454,73.91,179399e7,79,0.7581762474291328,High,6.374817371368408,0.687305173804868,0.0146,75.1,21.7,28.215463305413607
Brunei,BRN,Non US,#545454,NA,11400653960,39,0.8524184233561918,Very High,NA,0.668593786571023,0.009,76.4,20.4,23.15693655561384
Bulgaria,BGR,Non US,#545454,74.24,53240893665,51,0.8095956041141686,Very High,4.837560653686523,0.725710839378402,0.0067,74.8,19.8,24.698092615925983
Burkina Faso,BFA,Non US,#545454,43.07,11448781714,183,0.42021153170421266,Low,4.205634593963623,0.63960518464973,0.0526,60.3,15.5,23.161149160761706
Burundi,BDI,Non US,#545454,37.63,3007029030,185,0.41771547753681665,Low,NA,0.767521929857351,0.0441,60.1,16.6,21.824218395046543
Cambodia,KHM,Non US,#545454,47.09,20016747754,146,0.5762203625157908,Medium,4.461259365081787,0.658072016852354,0.0263,69.4,17.4,23.71983514778693
Cameroon,CMR,Non US,#545454,44.5,32217537943,151,0.5529673365211704,Medium,4.816232204437256,0.684065980102721,0.056600000000000004,58.1,16.5,24.195776797840104
Canada,CAN,Non US,#545454,87.65,153577e7,12,0.9222756302756803,Very High,7.244845867156982,0.730934531732342,0.0046,82.8,25.7,28.060052999858605
Cape Verde,CPV,Non US,#545454,66.42,1638927336,125,0.6517521126344765,Medium,NA,0.72917029417646,0.0159,73.2,18.6,21.217307801375092
Central African Republic,CAF,Non US,#545454,26.01,1755468137,188,0.36220136475364745,Low,2.693061113357544,NA,0.0892,53,16,21.286001403023533
Chad,TCD,Non US,#545454,26.92,9412034269,186,0.40530628922982864,Low,4.029350280761719,0.58669275278511,0.075,54.3,15.9,22.965254948795124
Chile,CHL,Non US,#545454,80.47,250036e6,44,0.8415329699937913,Very High,6.579056262969971,0.69940086236962,0.0066,79.5,23.4,26.244870744441652
China,CHN,Non US,#545454,62.67,11191e9,86,0.7479097838809821,High,5.324955940246582,0.675823711108177,0.0086,76.4,19.9,30.04613099976444
Colombia,COL,Non US,#545454,70.58,280091e6,90,0.7466609659990139,High,6.233715057373047,0.726711886397693,0.013099999999999999,75.1,21.8,26.3583803873146
Comoros,COM,Non US,#545454,52.24,616654490.4,165,0.5023231335017502,Low,NA,NA,0.0536,63.9,16.3,20.239819441876296
Congo - Brazzaville,COG,Non US,#545454,44.98,7833508879,137,0.6116867735290848,Medium,4.11949348449707,NA,0.0358,64.3,17.6,22.781676379262418
Congo - Kinshasa,COD,Non US,#545454,34.97,34991160100,176,0.4523197633835507,Low,4.52193546295166,NA,0.0721,60.5,16.9,24.278361297963585
Cook Islands,COK,Non US,#545454,NA,NA,NA,NA,NA,NA,NA,0.0067,NA,NA,NA
Costa Rica,CRI,Non US,#545454,80.97,56988989897,63,0.7909195209615656,High,7.135617733001709,0.736218638195334,0.008,79.6,24.1,24.766123926421468
Côte d’Ivoire,CIV,Non US,#545454,45.99,36374849865,NA,NA,NA,NA,NA,NA,NA,NA,24.31714343500687
Croatia,HRV,Non US,#545454,78.32,51338524831,46,0.8277577378058478,Very High,5.41687536239624,0.699881023493802,0.004,78.3,21.5,24.661707278649754
Cuba,CUB,Non US,#545454,68.52,NA,73,0.7741764981005748,High,NA,0.740025079693818,0.004200000000000001,79,22.7,NA
Cyprus,CYP,Non US,#545454,81.85,20153871681,32,0.8670238119155721,Very High,5.794618606567383,0.68436099110498,0.0022,80.7,22.8,23.72666224985967
Czechia,CZE,Non US,#545454,83.72,195305e6,27,0.8847752951250055,Very High,6.735627174377441,0.690061221574959,0.0026,79.2,22.1,25.99782827613983
Denmark,DNK,Non US,#545454,89.25,3069e8,11,0.9280172267430499,Very High,7.5577826499938965,0.753507118352294,0.0037,81.2,23.8,26.449787798572103
Djibouti,DJI,Non US,#545454,45.22,1764268469,172,0.47366231809374193,Low,NA,NA,0.053,63.8,17.6,21.29100197626144
Dominica,DMA,Non US,#545454,NA,581484037,103,0.7183648756954577,High,NA,NA,0.0304,NA,NA,20.18109407812745
Dominican Republic,DOM,Non US,#545454,64.92,72342967648,94,0.7326077928147052,High,5.238698482513428,0.675976248603899,0.0256,73.5,22,25.004684086239646
Ecuador,ECU,Non US,#545454,68.86,98613972e3,86,0.7493852156543074,High,6.1154375076293945,0.726199445631791,0.0127,76.5,22.8,25.314478792369915
Egypt,EGY,Non US,#545454,58.28,332928e6,115,0.6939856334162647,Medium,4.556740760803223,0.613648168642465,0.019399999999999997,70.5,16.9,26.531192087332542
El Salvador,SLV,Non US,#545454,64.94,23912227500,121,0.6789223611795083,Medium,6.139824867248535,0.701785305361595,0.0129,73.7,21.9,23.89765577593431
Equatorial Guinea,GNQ,Non US,#545454,NA,11259559879,141,0.5924931095035418,Medium,NA,NA,0.0674,59.5,16.8,23.144483371771475
Eritrea,ERI,Non US,#545454,31.61,NA,179,0.4361570234561582,Low,NA,NA,0.0329,65,16.4,NA
Estonia,EST,Non US,#545454,82.8,23337907619,30,0.8675975481869183,Very High,5.649675369262695,0.746539680845755,0.0023,77.8,22.2,23.873344811928458
Ethiopia,ETH,Non US,#545454,38.79,73000980434,173,0.45669812173396457,Low,4.297848701477051,0.662095909891295,0.0425,65.5,18.1,25.013738708607352
Fiji,FJI,Non US,#545454,64.41,4671313315,92,0.738394855613946,High,NA,NA,0.0211,69.9,17.2,22.26470609285996
Finland,FIN,Non US,#545454,89.38,238678e6,15,0.9176124305396001,Very High,7.659843444824219,0.845046747820689,0.0019,81.4,24.2,26.19838120014504
France,FRA,Non US,#545454,87.74,246513e7,24,0.8992756919459307,Very High,6.475208759307861,0.755010024867116,0.0035,82.9,25.9,28.5332656603693
Gabon,GAB,Non US,#545454,NA,14014278017,110,0.6982772758224051,High,4.831764221191406,NA,0.0361,66.4,18.3,23.363342505216597
Gambia,GMB,Non US,#545454,44.25,962797146.5,174,0.45723379520664537,Low,NA,0.667207411724501,0.0423,61.9,15.3,20.685353300117242
Georgia,GEO,Non US,#545454,69.05,14378016732,70,0.7763982107222726,High,4.448386192321777,0.680937200806602,0.010199999999999999,72.6,18.3,23.38896626122977
Germany,DEU,Non US,#545454,88.69,34778e8,5,0.9341518707655013,Very High,6.873763084411621,0.765615966510235,0.0032,81,23.6,28.877421025894378
Ghana,GHA,Non US,#545454,58.19,42803583022,140,0.5876416123144391,Medium,4.514411449432373,0.705311813848121,0.037200000000000004,63.4,15.7,24.479887651497506
Greece,GRC,Non US,#545454,82.7,192691e6,31,0.8682721803704931,Very High,5.302619457244873,0.679542758472099,0.004200000000000001,81.2,23.9,25.984353706553666
Greenland,GRL,Non US,#545454,NA,2705891617,NA,NA,NA,NA,NA,NA,NA,NA,21.718697313047343
Grenada,GRD,Non US,#545454,NA,1056188593,75,0.7696765766271545,High,NA,NA,0.015099999999999999,73.4,19.1,20.777932598140914
Guam,GUM,Non US,#545454,NA,5793e6,NA,NA,NA,NA,NA,NA,NA,NA,22.4799161290609
Guatemala,GTM,Non US,#545454,58.56,68663653469,127,0.6487081717651998,Medium,6.358916282653809,0.666211203650933,0.023899999999999998,73.2,21.3,24.952485834585644
Guinea,GIN,Non US,#545454,37.56,9275886117,175,0.4491605523909196,Low,3.6028547286987305,0.639948184039268,0.0581,59.8,15.3,22.950683979097448
Guinea-Bissau,GNB,Non US,#545454,NA,1178204501,177,0.4532730301957445,Low,NA,NA,0.0574,59.8,15.2,20.887257507278818
Guyana,GUY,Non US,#545454,60.26,3504024213,125,0.6519350356978745,Medium,NA,NA,0.026699999999999998,66.2,16.8,21.97717792009942
Haiti,HTI,Non US,#545454,NA,7970649131,168,0.4955476711972184,Low,3.3523001670837402,NA,0.055,63.5,17.7,22.799031773232425
Honduras,HND,Non US,#545454,57,21643936939,133,0.6143757285857856,Medium,5.6481547355651855,0.68958689351546,0.0162,75.2,22.4,23.797991203166937
Hong Kong SAR China,HKG,Non US,#545454,NA,320881e6,7,0.9296395120413741,Very High,5.498420715332031,NA,NA,NA,NA,26.49433617483317
Hungary,HUN,Non US,#545454,80.09,125817e6,45,0.8351053138480794,Very High,5.448901653289795,0.669481829073327,0.0040999999999999995,76,20.1,25.558094307217956
Iceland,ISL,Non US,#545454,89.62,20304098101,6,0.9331301121272382,Very High,7.510034561157227,0.87367008475847,0.0017,82.4,24.7,23.734088579516307
India,IND,Non US,#545454,53.87,227423e7,130,0.6360460094561482,Medium,4.179177284240723,0.683214946231348,0.033600000000000005,68.8,18,28.452662649501967
Indonesia,IDN,Non US,#545454,61.59,932256e6,116,0.6913057597481875,Medium,5.136325359344482,0.682127845492253,0.0222,69.3,16.7,27.560873292026464
Iran,IRN,Non US,#545454,63.06,418977e6,60,0.7955311319303151,High,4.652730941772461,0.587450695564997,0.013300000000000001,75.7,19.7,26.761081862760463
Iraq,IRQ,Non US,#545454,NA,171489e6,120,0.6720803438515256,Medium,4.412537097930908,NA,0.026,69.8,18.8,25.86778496155366
Ireland,IRL,Non US,#545454,88.09,304819e6,4,0.9344754829182338,Very High,7.040731430053711,0.797463603587526,0.003,81.5,24.1,26.442983994774103
Israel,ISR,Non US,#545454,82.04,317748e6,22,0.9017548697653387,Very High,7.159010887145996,0.719247976653099,0.0029,82.3,24.7,26.484524452739674
Italy,ITA,Non US,#545454,84.85,185938e7,28,0.8781295258489776,Very High,5.954524040222168,0.71855729856537,0.0029,82.8,25,28.25126421475242
Jamaica,JAM,Non US,#545454,NA,14056908749,97,0.7315926436068267,High,NA,0.723926497748338,0.0135,76,22.5,23.366379837776073
Japan,JPN,Non US,#545454,88.19,494927e7,19,0.9069283257286355,Very High,5.95465087890625,0.660199153041424,0.0019,84.2,26.4,29.2302612068862
Jordan,JOR,Non US,#545454,69.19,38654727746,95,0.7349206701608673,High,5.271284580230713,0.603134137672723,0.015099999999999999,74.3,19.3,24.377934926517224
Kazakhstan,KAZ,Non US,#545454,65.89,137278e6,58,0.7967461959078902,Very High,5.5335516929626465,0.717958611958471,0.009699999999999999,71.1,17.7,25.64527390381537
Kenya,KEN,Non US,#545454,54,70875289605,142,0.5845812876109328,Medium,4.396127700805664,0.701887469701293,0.0343,66.7,18.6,24.984187685123544
Kiribati,KIR,Non US,#545454,NA,181551516.5,134,0.6101660543405226,Medium,NA,NA,0.0438,66.1,16.9,19.01705000886051
Kosovo,XKS,Non US,#545454,NA,6715486726,NA,NA,NA,5.7594122886657715,NA,NA,NA,NA,22.6276821476902
Kuwait,KWT,Non US,#545454,NA,110912e6,56,0.8035509413833132,Very High,5.947194576263428,0.624040791824177,0.0072,74.8,17.9,25.432002931039552
Kyrgyzstan,KGZ,Non US,#545454,63.24,6813092066,122,0.6688049807386609,Medium,4.856534004211426,0.686683624931819,0.0188,71.4,18,22.64211190193007
Laos,LAO,Non US,#545454,45.94,15805707154,139,0.5977938713656833,Medium,NA,0.723783015226925,0.0501,65.8,16.8,23.483636924036364
Latvia,LVA,Non US,#545454,78.27,27571513793,41,0.8436965619126446,Very High,5.940446376800537,0.754669030162817,0.0039,75,20.7,24.04004896772903
Lebanon,LBN,Non US,#545454,66.02,49598825982,80,0.7532814265189002,High,5.270723819732666,0.597586714377468,0.006900000000000001,76.3,19.8,24.627233000679418
Lesotho,LSO,Non US,#545454,47.84,2291319972,159,0.5157027371652727,Low,3.8082048892974854,0.705897292123715,0.0684,52.9,15.3,21.552393895440762
Liberia,LBR,Non US,#545454,44.97,2101e6,181,0.4319399495482801,Low,3.3546760082244873,0.651843930852252,0.0576,62.9,15.8,21.465679258809274
Libya,LBY,Non US,#545454,NA,32257171354,108,0.6934677479110143,High,5.4335832595825195,NA,0.011,71.9,18.3,24.19700622303408
Liechtenstein,LIE,Non US,#545454,NA,NA,17,0.9154303330535014,Very High,NA,NA,NA,NA,NA,NA
Lithuania,LTU,Non US,#545454,80.94,42773029835,35,0.8548201014312401,Very High,5.8655524253845215,0.743941581059022,0.0038,75,20.7,24.479173596867902
Luxembourg,LUX,Non US,#545454,88.86,58631324559,21,0.9034904711109238,Very High,6.96734094619751,0.734179388964648,0.0021000000000000003,82.4,24.7,24.794534939497463
Macau SAR China,MAC,Non US,#545454,NA,45310877913,NA,NA,NA,NA,NA,NA,NA,NA,24.53681297113848
Macedonia,MKD,Non US,#545454,66.8,10745787406,80,0.7562342460222077,High,5.345746040344238,0.696209182850267,0.0114,75.9,19.5,23.097779645509977
Madagascar,MDG,Non US,#545454,42.2,10001193315,161,0.5168070378622761,Low,3.6630859375,0.704273580341534,0.0337,66.1,17.1,23.02597025432102
Malawi,MWI,Non US,#545454,47.9,5433038647,171,0.47395014966097015,Low,3.4764926433563232,0.699963413057916,0.0402,64.2,17.4,22.415764417871685
Malaysia,MYS,Non US,#545454,71.21,296536e6,57,0.7988258508917251,Very High,NA,0.665768209355279,0.0066,75.3,19.9,26.41543446453994
Maldives,MDV,Non US,#545454,NA,4222767413,101,0.7124174664008122,High,NA,0.649594117443116,0.0070999999999999995,78.4,21,22.163756535132354
Mali,MLI,Non US,#545454,44.69,14034980334,182,0.420896861219084,Low,4.016027927398682,0.590516500070532,0.0674,58,15.4,23.364818645548016
Malta,MLT,Non US,#545454,NA,11279535398,29,0.8753871392370755,Very High,6.590842247009277,0.664292883946002,0.0057,81.5,23.9,23.146255894047503
Marshall Islands,MHL,Non US,#545454,NA,194497900,106,NA,High,NA,NA,0.0287,NA,NA,19.08593192404932
Mauritania,MRT,Non US,#545454,41.84,4739298311,159,0.5164198020949057,Low,4.47214937210083,0.623778224891117,0.0545,63.9,16.5,22.27915492604103
Mauritius,MUS,Non US,#545454,73.79,12232463656,65,0.7876342090264797,High,5.610003471374512,0.65197417068304,0.012199999999999999,74.8,20.7,23.227359210021564
Mexico,MEX,Non US,#545454,68.65,107691e7,74,0.7722166211317996,High,6.8241729736328125,0.699988871447193,0.012199999999999999,76.6,22.3,27.705116945151403
Micronesia (Federated States of),FSM,Non US,#545454,NA,329895600,131,0.6267320038986718,Medium,NA,NA,0.027399999999999997,69.6,17.3,19.614286798734906
Moldova,MDA,Non US,#545454,67.1,6795741776,112,0.6966662491101508,High,5.577784061431885,0.741327817844598,0.0135,71.5,17.6,22.6395620435657
Monaco,MCO,Non US,#545454,NA,NA,NA,NA,NA,NA,NA,0.0028,NA,NA,NA
Mongolia,MNG,Non US,#545454,64.18,11183458131,92,0.7425751505305956,High,5.056999683380127,0.705409311500611,0.0154,69.8,17.3,23.13770157088857
Montenegro,MNE,Non US,#545454,71.42,4374130531,50,0.8103067460337161,Very High,5.304066181182861,0.681293860394516,0.0035,76.8,20.2,22.19897360123399
Morocco,MAR,Non US,#545454,64.23,103606e6,123,0.6623283972834622,Medium,5.386307239532471,0.596584035223007,0.0209,76,20.5,25.363861080152695
Mozambique,MOZ,Non US,#545454,43.37,11014862242,180,0.4347786717879721,Low,NA,0.749589253183865,0.055200000000000006,60.1,17.9,23.12251131072215
Myanmar (Burma),MMR,Non US,#545454,49.65,63225097051,148,0.5740466052209053,Medium,4.623119831085205,NA,0.0399,66.8,16.9,24.86996716451115
Namibia,NAM,Non US,#545454,NA,11309232188,129,0.6446403769745731,Medium,NA,0.764551538230757,0.0327,63.7,16.7,23.148885236883128
Nauru,NRU,Non US,#545454,NA,102060129.6,NA,NA,NA,NA,NA,0.0281,NA,NA,18.441072703440565
Nepal,NPL,Non US,#545454,52.68,21131983246,149,0.5693033764385944,Medium,5.099539756774902,0.660755081271519,0.0288,70.2,17.6,23.774053523422122
Netherlands,NLD,Non US,#545454,89.1,777228e6,10,0.9280839714514447,Very High,7.540877342224121,0.755820650248204,0.0034,81.6,24,27.378999580563487
New Zealand,NZL,Non US,#545454,87.83,189286e6,16,0.9154822900814985,Very High,7.2256879806518555,0.780711036269186,0.0045,82.2,25.3,25.966524935744243
Nicaragua,NIC,Non US,#545454,62.47,13184989878,124,0.6566258270342807,Medium,6.012739658355713,0.779538035713852,0.015300000000000001,75.5,22.8,23.30234488906081
Niger,NER,Non US,#545454,36.87,7606749314,189,0.35094402168132993,Low,4.234645843505859,NA,0.0499,59.8,16.2,22.752301757771523
Nigeria,NGA,Non US,#545454,48.12,404653e6,157,0.5302561405141523,Low,5.219567775726318,0.642870263914071,0.06659999999999999,55.2,13.9,26.726295746675046
Niue,NIU,Non US,#545454,NA,NA,NA,NA,NA,NA,NA,0.0189,NA,NA,NA
North Korea,PRK,Non US,#545454,NA,NA,NA,NA,NA,NA,NA,0.015099999999999999,71.9,17.8,NA
Northern Mariana Islands,MNP,Non US,#545454,NA,1242e6,NA,NA,NA,NA,NA,NA,NA,NA,20.9399888204577
Norway,NOR,Non US,#545454,89.55,371075e6,1,0.9512483553214962,Very High,7.596331596374512,0.841951230433606,0.0021000000000000003,82.5,24.7,26.63967003545724
Oman,OMN,Non US,#545454,67.72,66824447334,48,0.82217866506432,Very High,NA,0.612173672843953,0.009699999999999999,77,21.2,24.92533482858927
Pakistan,PAK,Non US,#545454,46.61,278655e6,150,0.5595986310062098,Medium,5.548508167266846,0.555905449892576,0.0629,66.5,17.8,26.353240294457887
Palau,PLW,Non US,#545454,NA,302699800,60,0.7975219363566179,High,NA,NA,0.0136,NA,NA,19.528252113271545
Palestinian Territories,PSE,Non US,#545454,NA,134257e5,119,0.6890255336500877,Medium,4.906618118286133,NA,NA,NA,NA,23.32043661750902
Panama,PAN,Non US,#545454,71.91,57820916600,66,0.7848489537681295,High,6.117638111114502,0.720702274059854,0.0143,78,24,24.7806164260551
Papua New Guinea,PNG,Non US,#545454,35.83,19904808312,153,0.5428877007279085,Low,NA,NA,0.0431,65.9,16.9,23.71422716320914
Paraguay,PRY,Non US,#545454,63.69,27424071373,110,0.7015358727488171,High,5.801380157470703,0.676362256056304,0.0184,74.2,21.2,24.034686981932783
Peru,PER,Non US,#545454,68.75,19164e7,89,0.7478389874409244,High,5.700628757476807,0.68678170812875206,0.0121,75.9,21.6,25.97888444896133
Philippines,PHL,Non US,#545454,62.68,304889e6,113,0.6957943328974255,Medium,5.430832862854004,0.786344665733629,0.022699999999999998,69.3,17.6,26.443213612887387
Poland,POL,Non US,#545454,81.69,4714e8,33,0.8604198352360831,Very High,6.162076473236084,0.726739972658583,0.0040999999999999995,77.8,21.8,26.878972827448443
Portugal,PRT,Non US,#545454,84.66,205184e6,41,0.8447151672085784,Very High,5.446637153625488,0.736894766097802,0.0031,81.5,24.5,26.047172974493446
Puerto Rico,PRI,Non US,#545454,NA,105035e6,NA,NA,NA,NA,NA,NA,NA,NA,25.377559464894055
Qatar,QAT,Non US,#545454,70.24,152452e6,37,0.8548970970597372,Very High,NA,0.642570966696066,0.0067,78.1,20.9,25.75011562935005
Romania,ROU,Non US,#545454,74.05,187806e6,52,0.806921214299936,Very High,5.968870639801025,0.690152414550217,0.0072,75.2,20.1,25.95867535209201
Russia,RUS,Non US,#545454,68.94,128473e7,49,0.8147656495518454,Very High,5.854945659637451,0.690857736593115,0.006900000000000001,71.9,19.4,27.881569695466602
Rwanda,RWA,Non US,#545454,52.26,8475681533,158,0.5203023732923725,Low,3.3329899311065674,0.799810858344565,0.030100000000000002,68,18.5,22.860466903852817
Samoa,WSM,Non US,#545454,NA,786356314.8,104,0.7107872592048272,High,NA,NA,0.0145,75.1,20.1,20.482920574389524
San Marino,SMR,Non US,#545454,NA,1590707965,NA,NA,NA,NA,NA,0.0021000000000000003,NA,NA,21.187445015085576
São Tomé & Príncipe,STP,Non US,#545454,59.78,354238109.3,NA,NA,NA,NA,NA,NA,NA,NA,19.685479870128386
Saudi Arabia,SAU,Non US,#545454,64.15,644936e6,39,0.8539633803400953,Very High,6.473921298980713,0.58287128659882,0.0067,74.8,18.7,27.192416924012875
Senegal,SEN,Non US,#545454,54.76,14683747154,164,0.4987048593850021,Low,4.594533920288086,0.685122893730414,0.0338,66.8,16.9,23.410007083282654
Serbia,SRB,Non US,#545454,71.49,38299854688,67,0.7854727479931904,High,5.7527546882629395,0.720022824947267,0.0052,76.3,19.8,24.368711939078818
Seychelles,SYC,Non US,#545454,NA,1425929444,62,0.7931018708434019,High,NA,NA,0.0124,73.3,19.6,21.078089679453555
Sierra Leone,SLE,Non US,#545454,42.15,3556036535,184,0.41348796893971784,Low,4.732953071594238,NA,0.0847,53.1,13.3,21.991912428729766
Singapore,SGP,Non US,#545454,84.08,309764e6,9,0.930104591364359,Very High,6.033480644226074,0.711583439100041,0.0022,82.9,25,26.459076554174388
Slovakia,SVK,Non US,#545454,79.83,89768598023,38,0.8529800895385142,Very High,5.993163108825684,0.678731712050063,0.0048,77.4,21.3,25.220501063159613
Slovenia,SVN,Non US,#545454,84.6,44708598649,25,0.8935430504652823,Very High,5.936821460723877,0.785523889711521,0.0018,80.9,23.7,24.52343168357875
Solomon Islands,SLB,Non US,#545454,47.2,1232699140,152,0.5429098901522234,Low,NA,NA,0.0181,71.1,17.7,20.93247202486595
Somalia,SOM,Non US,#545454,NA,6752653099,NA,NA,NA,4.667941093444824,NA,0.08209999999999999,55.4,16.3,22.633201316309968
South Africa,ZAF,Non US,#545454,65.17,295763e6,113,0.6957324537270522,Medium,4.769739627838135,0.763928748532627,0.03,63.6,16.6,26.412824294882824
South Korea,KOR,Non US,#545454,85.37,14148e8,22,0.9003574927047293,Very High,5.970564365386963,0.648623043995878,0.0029,82.7,25.3,27.978009294277737
South Sudan,SSD,Non US,#545454,NA,2904114903,187,0.39419858515913664,Low,2.8881123065948486,NA,0.0625,58.6,16.6,21.789394500274962
Spain,ESP,Non US,#545454,86.72,123726e7,26,0.8888670933931713,Very High,6.318612098693848,0.73844911467769,0.0026,83.1,25.4,27.84392037318664
Sri Lanka,LKA,Non US,#545454,66.96,81788375090,76,0.7680774417416489,High,NA,0.673286918257584,0.0078,75.3,20.8,25.127400956641807
St. Kitts & Nevis,KNA,Non US,#545454,NA,909854629.6,72,0.7742416409955692,High,NA,NA,0.011699999999999999,NA,NA,20.62879539702184
St. Lucia,LCA,Non US,#545454,NA,1667078704,90,0.7450081483378872,High,NA,NA,0.015300000000000001,75.6,22.1,21.23433865255798
St. Vincent & Grenadines,VCT,Non US,#545454,NA,765555555.6,99,0.7214874854174388,High,NA,NA,0.0154,72,19.1,20.456112344693814
Sudan,SDN,Non US,#545454,37.36,95584380032,167,0.49907484550558273,Low,NA,NA,0.0448,65.1,17.9,25.283275254867753
Suriname,SUR,Non US,#545454,66.49,3278425328,100,0.7194555094428272,High,NA,0.678552459517227,0.0181,71.8,19.2,21.91062906113893
Swaziland,SWZ,Non US,#545454,48.55,3720649375,144,0.5861528551179647,Medium,NA,0.665460177326404,0.0412,57.7,16,22.037164053169132
Sweden,SWE,Non US,#545454,88.63,51446e7,7,0.9315839061660123,Very High,7.368744373321533,0.815412852691911,0.0024,82.4,24.6,26.966383643814318
Switzerland,CHE,Non US,#545454,89.04,668745e6,2,0.9431886822134562,Very High,7.45851993560791,0.775890802752056,0.0038,83.3,25.5,27.228668658493163
Syria,SYR,Non US,#545454,NA,NA,155,0.5356407978551503,Low,NA,0.567310643999005,0.0141,63.8,18.5,NA
Taiwan,TWN,Non US,#545454,NA,NA,NA,NA,NA,6.512850761413574,NA,NA,NA,NA,NA
Tajikistan,TJK,Non US,#545454,52.15,6951657159,127,0.6468118707664386,Medium,5.1037211418151855,0.679321271359005,0.0303,70.8,17.7,22.662245908244664
Tanzania,TZA,Non US,#545454,49.9,47388395823,154,0.5331760337662841,Low,2.9027342796325684,0.715725990059733,0.039700000000000006,63.9,17.5,24.58164322181488
Thailand,THA,Non US,#545454,66.72,411755e6,83,0.7480499005885282,High,6.073639869689941,0.699064640254403,0.0085,75.5,22.1,26.743694349221265
Timor-Leste,TLS,Non US,#545454,53.57,2521007679,132,0.6314324501631974,Medium,NA,0.636662292899988,0.0422,68.6,17.1,21.647924531161042
Togo,TGO,Non US,#545454,46.49,4388569576,165,0.5001598768952389,Low,3.8785784244537354,NA,0.0505,60.6,15.3,22.202269174035063
Tonga,TON,Non US,#545454,NA,401562006.2,98,0.7236502962647889,High,NA,NA,0.0141,73.4,18.9,19.81087251579066
Trinidad & Tobago,TTO,Non US,#545454,NA,22320008403,69,0.7845785777192777,High,NA,0.722917450192194,0.0238,71.8,19.6,23.828749350937944
Tunisia,TUN,Non US,#545454,71.74,42062549395,95,0.7323536768876926,High,4.521453380584717,0.635916701243237,0.0116,76,20.1,24.462423618674592
Turkey,TUR,Non US,#545454,67.26,863722e6,64,0.7868511547990595,High,5.326221942901611,0.623026636794988,0.0108,76.4,21.2,27.484516794715592
Turkmenistan,TKM,Non US,#545454,NA,36179885714,108,0.7045414282539293,High,5.887051582336426,NA,0.0417,68.2,17.4,24.311769158091547
Tuvalu,TUV,Non US,#545454,NA,36572611.89,NA,NA,NA,NA,NA,0.0217,NA,NA,17.414810209232254
Uganda,UGA,Non US,#545454,NA,24078931744,162,0.5081062616428281,Low,4.2332611083984375,0.703670066018298,0.037,62.5,17.1,23.904603093612277
Ukraine,UKR,Non US,#545454,67.57,93270479389,88,0.7460888804361642,High,4.028690338134766,0.699811758984328,0.0078,72.5,19.1,25.25876948947041
United Arab Emirates,ARE,Non US,#545454,74.58,357045e6,34,0.8621799163987712,Very High,6.8309502601623535,0.639027558645999,0.0077,77.2,20.2,26.601127661202533
United Kingdom,GBR,Non US,#545454,88.47,265085e7,14,0.9202139670337001,Very High,6.824283599853516,0.752134600610496,0.0037,81.4,24.2,28.605901459212863
United States,USA,US,red,86.4,186245e8,13,0.9223928743957234,Very High,6.803599834442139,0.721992347709239,0.0057,78.5,23.3,30.555499034196238
Uruguay,URY,Non US,#545454,80.12,52687612262,55,0.8021411935198802,Very High,6.171485424041748,0.680505334795007,0.0073,77.1,22.3,24.687646203420332
Uzbekistan,UZB,Non US,#545454,56.36,67067565989,105,0.7029659149210646,High,5.892539024353027,NA,0.0213,72.3,18.4,24.92896639579271
Vanuatu,VUT,Non US,#545454,NA,787942567.4,138,0.6004620893621876,Medium,NA,NA,0.0232,72,18.2,20.484935761155832
Venezuela,VEN,Non US,#545454,NA,NA,78,0.7658619059064578,High,4.041114807128906,0.693707083556543,0.0222,74.1,21.6,NA
Vietnam,VNM,Non US,#545454,NA,205276e6,116,0.6886465208928686,Medium,5.062267303466797,0.70044414223939,0.017,76.3,22.7,26.04762125204322
Yemen,YEM,Non US,#545454,38.22,18213328571,178,0.46158712994690765,Low,3.8256309032440186,0.516216650186404,0.0432,65.3,16.4,23.625419502065693
Zambia,ZMB,Non US,#545454,NA,20954754378,144,0.585757047631983,Medium,4.347543716430664,NA,0.043,62.3,17.5,23.76563139685174
Zimbabwe,ZWE,Non US,#545454,42.59,16619960400,156,0.5319951308483715,Low,3.7354001998901367,0.710286080812047,0.038200000000000005,61.4,17.5,23.533870243699393
